oliver30.tsp,0.0,0.0,0.5,100,962.4897264308703
oliver30.tsp,0.0,0.0,0.5,100,918.7802653299057
oliver30.tsp,0.0,0.0,0.5,100,975.404262288087
oliver30.tsp,0.0,0.0,0.5,100,958.6983066932871
oliver30.tsp,0.0,0.0,0.5,100,986.9118477490877
oliver30.tsp,0.0,0.0,0.5,100,907.6370237351614
oliver30.tsp,0.0,0.0,0.5,100,963.7001566311103
oliver30.tsp,0.0,0.0,0.5,100,944.9786602717774
oliver30.tsp,0.0,0.0,0.5,100,992.7975039346694
oliver30.tsp,0.0,0.0,0.5,100,1002.7965039711715
oliver30.tsp,0.0,0.5,0.5,100,830.3574512982459
oliver30.tsp,0.0,0.5,0.5,100,839.5976709445238
oliver30.tsp,0.0,0.5,0.5,100,891.9435712527869
oliver30.tsp,0.0,0.5,0.5,100,779.8658577617937
oliver30.tsp,0.0,0.5,0.5,100,841.2455063939841
oliver30.tsp,0.0,0.5,0.5,100,879.2115221110525
oliver30.tsp,0.0,0.5,0.5,100,847.1639527527163
oliver30.tsp,0.0,0.5,0.5,100,862.6466004113555
oliver30.tsp,0.0,0.5,0.5,100,823.7523574335687
oliver30.tsp,0.0,0.5,0.5,100,871.2666121852001
oliver30.tsp,0.0,1.0,0.5,100,716.9032640157851
oliver30.tsp,0.0,1.0,0.5,100,730.1697554120188
oliver30.tsp,0.0,1.0,0.5,100,717.8189264242718
oliver30.tsp,0.0,1.0,0.5,100,747.7700019426861
oliver30.tsp,0.0,1.0,0.5,100,727.8106797914589
oliver30.tsp,0.0,1.0,0.5,100,703.9814277309287
oliver30.tsp,0.0,1.0,0.5,100,718.9958970026499
oliver30.tsp,0.0,1.0,0.5,100,697.9892952885393
oliver30.tsp,0.0,1.0,0.5,100,745.4013530506425
oliver30.tsp,0.0,1.0,0.5,100,716.7006129275361
oliver30.tsp,0.0,1.5,0.5,100,636.6539906759597
oliver30.tsp,0.0,1.5,0.5,100,624.5049986398687
oliver30.tsp,0.0,1.5,0.5,100,599.4119447486022
oliver30.tsp,0.0,1.5,0.5,100,617.9040223941971
oliver30.tsp,0.0,1.5,0.5,100,617.2430648912484
oliver30.tsp,0.0,1.5,0.5,100,609.3518952051154
oliver30.tsp,0.0,1.5,0.5,100,593.8530305468751
oliver30.tsp,0.0,1.5,0.5,100,554.2460158238307
oliver30.tsp,0.0,1.5,0.5,100,616.7620243229035
oliver30.tsp,0.0,1.5,0.5,100,636.7264118904708
oliver30.tsp,0.0,2.0,0.5,100,533.5192628007512
oliver30.tsp,0.0,2.0,0.5,100,542.7421818345938
oliver30.tsp,0.0,2.0,0.5,100,514.1209241036205
oliver30.tsp,0.0,2.0,0.5,100,546.4299767853919
oliver30.tsp,0.0,2.0,0.5,100,541.0888936274791
oliver30.tsp,0.0,2.0,0.5,100,561.579588564821
oliver30.tsp,0.0,2.0,0.5,100,567.4945620432283
oliver30.tsp,0.0,2.0,0.5,100,547.7100306255925
oliver30.tsp,0.0,2.0,0.5,100,535.6789064727817
oliver30.tsp,0.0,2.0,0.5,100,539.178833187416
oliver30.tsp,0.0,2.5,0.5,100,517.9186931258703
oliver30.tsp,0.0,2.5,0.5,100,507.2851659947236
oliver30.tsp,0.0,2.5,0.5,100,510.2103720908497
oliver30.tsp,0.0,2.5,0.5,100,519.0184042594681
oliver30.tsp,0.0,2.5,0.5,100,501.17105039863
oliver30.tsp,0.0,2.5,0.5,100,493.3288927231
oliver30.tsp,0.0,2.5,0.5,100,494.4977936333641
oliver30.tsp,0.0,2.5,0.5,100,491.39703636411303
oliver30.tsp,0.0,2.5,0.5,100,467.0230205255087
oliver30.tsp,0.0,2.5,0.5,100,500.31574028243807
oliver30.tsp,0.0,3.0,0.5,100,455.46786235472797
oliver30.tsp,0.0,3.0,0.5,100,476.31985329939613
oliver30.tsp,0.0,3.0,0.5,100,472.7057760834979
oliver30.tsp,0.0,3.0,0.5,100,482.2990526550344
oliver30.tsp,0.0,3.0,0.5,100,463.4001034864509
oliver30.tsp,0.0,3.0,0.5,100,467.3835049462602
oliver30.tsp,0.0,3.0,0.5,100,467.0556285423824
oliver30.tsp,0.0,3.0,0.5,100,469.2332558683213
oliver30.tsp,0.0,3.0,0.5,100,472.34489412600493
oliver30.tsp,0.0,3.0,0.5,100,468.08511413290273
oliver30.tsp,0.0,3.5,0.5,100,461.0694276733231
oliver30.tsp,0.0,3.5,0.5,100,452.216707716327
oliver30.tsp,0.0,3.5,0.5,100,437.07966751301365
oliver30.tsp,0.0,3.5,0.5,100,444.3641932368098
oliver30.tsp,0.0,3.5,0.5,100,455.39263733667445
oliver30.tsp,0.0,3.5,0.5,100,462.84102194642435
oliver30.tsp,0.0,3.5,0.5,100,448.68922202527347
oliver30.tsp,0.0,3.5,0.5,100,467.6303627086538
oliver30.tsp,0.0,3.5,0.5,100,458.52360424932203
oliver30.tsp,0.0,3.5,0.5,100,456.75840405707095
oliver30.tsp,0.0,4.0,0.5,100,448.5455413282888
oliver30.tsp,0.0,4.0,0.5,100,444.7175742275429
oliver30.tsp,0.0,4.0,0.5,100,449.3566456476849
oliver30.tsp,0.0,4.0,0.5,100,438.4954708565599
oliver30.tsp,0.0,4.0,0.5,100,439.97924436965997
oliver30.tsp,0.0,4.0,0.5,100,453.09790036977415
oliver30.tsp,0.0,4.0,0.5,100,450.8037046494174
oliver30.tsp,0.0,4.0,0.5,100,445.4084409710633
oliver30.tsp,0.0,4.0,0.5,100,442.0142380115591
oliver30.tsp,0.0,4.0,0.5,100,458.58754535169265
oliver30.tsp,0.0,4.5,0.5,100,445.0655515659285
oliver30.tsp,0.0,4.5,0.5,100,443.84492699401466
oliver30.tsp,0.0,4.5,0.5,100,440.58820795613474
oliver30.tsp,0.0,4.5,0.5,100,437.4731859182583
oliver30.tsp,0.0,4.5,0.5,100,444.1116802784073
oliver30.tsp,0.0,4.5,0.5,100,429.78534377863207
oliver30.tsp,0.0,4.5,0.5,100,435.7872453035176
oliver30.tsp,0.0,4.5,0.5,100,432.7492301547459
oliver30.tsp,0.0,4.5,0.5,100,442.35444544708866
oliver30.tsp,0.0,4.5,0.5,100,436.1671957160103
oliver30.tsp,0.0,5.0,0.5,100,433.0325562063973
oliver30.tsp,0.0,5.0,0.5,100,436.890885012688
oliver30.tsp,0.0,5.0,0.5,100,437.9115572113883
oliver30.tsp,0.0,5.0,0.5,100,446.5984240591498
oliver30.tsp,0.0,5.0,0.5,100,439.69792289544966
oliver30.tsp,0.0,5.0,0.5,100,441.7807698755926
oliver30.tsp,0.0,5.0,0.5,100,438.3179066591638
oliver30.tsp,0.0,5.0,0.5,100,430.2034698128878
oliver30.tsp,0.0,5.0,0.5,100,435.49810553369747
oliver30.tsp,0.0,5.0,0.5,100,426.8214789361665
oliver30.tsp,0.5,0.0,0.5,100,903.6361526941533
oliver30.tsp,0.5,0.0,0.5,100,858.7840015854282
oliver30.tsp,0.5,0.0,0.5,100,888.8782744848954
oliver30.tsp,0.5,0.0,0.5,100,860.1820635744787
oliver30.tsp,0.5,0.0,0.5,100,912.8583200234882
oliver30.tsp,0.5,0.0,0.5,100,918.3463350955701
oliver30.tsp,0.5,0.0,0.5,100,904.3995909876058
oliver30.tsp,0.5,0.0,0.5,100,905.3368832528894
oliver30.tsp,0.5,0.0,0.5,100,852.2903702414173
oliver30.tsp,0.5,0.0,0.5,100,892.3800291447279
oliver30.tsp,0.5,0.5,0.5,100,662.8261029290964
oliver30.tsp,0.5,0.5,0.5,100,681.3409707122197
oliver30.tsp,0.5,0.5,0.5,100,739.2196884580682
oliver30.tsp,0.5,0.5,0.5,100,656.4507228176519
oliver30.tsp,0.5,0.5,0.5,100,744.0152390180272
oliver30.tsp,0.5,0.5,0.5,100,673.8637929985518
oliver30.tsp,0.5,0.5,0.5,100,745.6343022980844
oliver30.tsp,0.5,0.5,0.5,100,704.2222754340679
oliver30.tsp,0.5,0.5,0.5,100,735.4243003891219
oliver30.tsp,0.5,0.5,0.5,100,660.0145418479171
oliver30.tsp,0.5,1.0,0.5,100,586.3215545184331
oliver30.tsp,0.5,1.0,0.5,100,563.0876027421155
oliver30.tsp,0.5,1.0,0.5,100,527.870196087197
oliver30.tsp,0.5,1.0,0.5,100,593.2985608169764
oliver30.tsp,0.5,1.0,0.5,100,577.8884507182968
oliver30.tsp,0.5,1.0,0.5,100,572.9789344182511
oliver30.tsp,0.5,1.0,0.5,100,557.0092572633264
oliver30.tsp,0.5,1.0,0.5,100,579.3505073508722
oliver30.tsp,0.5,1.0,0.5,100,572.9891819263249
oliver30.tsp,0.5,1.0,0.5,100,564.7265799216996
oliver30.tsp,0.5,1.5,0.5,100,483.0877930142663
oliver30.tsp,0.5,1.5,0.5,100,513.9413053010812
oliver30.tsp,0.5,1.5,0.5,100,498.2538773412518
oliver30.tsp,0.5,1.5,0.5,100,508.25298872510314
oliver30.tsp,0.5,1.5,0.5,100,507.5903112828497
oliver30.tsp,0.5,1.5,0.5,100,495.1647988942674
oliver30.tsp,0.5,1.5,0.5,100,492.5898876610098
oliver30.tsp,0.5,1.5,0.5,100,513.7381745975579
oliver30.tsp,0.5,1.5,0.5,100,509.9642123255498
oliver30.tsp,0.5,1.5,0.5,100,509.6806003105491
oliver30.tsp,0.5,2.0,0.5,100,461.03770365277074
oliver30.tsp,0.5,2.0,0.5,100,473.0742037747625
oliver30.tsp,0.5,2.0,0.5,100,456.6060715774446
oliver30.tsp,0.5,2.0,0.5,100,453.6713815487086
oliver30.tsp,0.5,2.0,0.5,100,451.68942283487553
oliver30.tsp,0.5,2.0,0.5,100,464.138872465059
oliver30.tsp,0.5,2.0,0.5,100,470.91113669698643
oliver30.tsp,0.5,2.0,0.5,100,456.0953869443757
oliver30.tsp,0.5,2.0,0.5,100,448.5768384015279
oliver30.tsp,0.5,2.0,0.5,100,458.5386465682496
oliver30.tsp,0.5,2.5,0.5,100,461.4374192668365
oliver30.tsp,0.5,2.5,0.5,100,449.31338010419114
oliver30.tsp,0.5,2.5,0.5,100,449.75631588774
oliver30.tsp,0.5,2.5,0.5,100,451.03630873685705
oliver30.tsp,0.5,2.5,0.5,100,453.547228847063
oliver30.tsp,0.5,2.5,0.5,100,440.4758402314322
oliver30.tsp,0.5,2.5,0.5,100,443.1990179402935
oliver30.tsp,0.5,2.5,0.5,100,450.90505452713325
oliver30.tsp,0.5,2.5,0.5,100,438.5111704878465
oliver30.tsp,0.5,2.5,0.5,100,445.1870220745675
oliver30.tsp,0.5,3.0,0.5,100,439.2051427064025
oliver30.tsp,0.5,3.0,0.5,100,443.45343089902155
oliver30.tsp,0.5,3.0,0.5,100,430.6414358566644
oliver30.tsp,0.5,3.0,0.5,100,429.22458760843267
oliver30.tsp,0.5,3.0,0.5,100,437.2444002275713
oliver30.tsp,0.5,3.0,0.5,100,436.12845526936223
oliver30.tsp,0.5,3.0,0.5,100,446.8180313989813
oliver30.tsp,0.5,3.0,0.5,100,444.49507813854586
oliver30.tsp,0.5,3.0,0.5,100,425.64901539380213
oliver30.tsp,0.5,3.0,0.5,100,434.20707740220814
oliver30.tsp,0.5,3.5,0.5,100,430.2127456943989
oliver30.tsp,0.5,3.5,0.5,100,432.5654141537857
oliver30.tsp,0.5,3.5,0.5,100,424.4642704626091
oliver30.tsp,0.5,3.5,0.5,100,431.19933397029234
oliver30.tsp,0.5,3.5,0.5,100,432.24821649674783
oliver30.tsp,0.5,3.5,0.5,100,429.2203373027421
oliver30.tsp,0.5,3.5,0.5,100,429.21474418444774
oliver30.tsp,0.5,3.5,0.5,100,433.5721809150614
oliver30.tsp,0.5,3.5,0.5,100,432.5187689524517
oliver30.tsp,0.5,3.5,0.5,100,435.7024636240977
oliver30.tsp,0.5,4.0,0.5,100,433.8754140096291
oliver30.tsp,0.5,4.0,0.5,100,425.82014058907623
oliver30.tsp,0.5,4.0,0.5,100,425.2967181444011
oliver30.tsp,0.5,4.0,0.5,100,426.54384791848247
oliver30.tsp,0.5,4.0,0.5,100,429.0436189891737
oliver30.tsp,0.5,4.0,0.5,100,429.31464241212484
oliver30.tsp,0.5,4.0,0.5,100,427.8971401449667
oliver30.tsp,0.5,4.0,0.5,100,426.6002276374536
oliver30.tsp,0.5,4.0,0.5,100,426.6002276374536
oliver30.tsp,0.5,4.0,0.5,100,430.66793463860927
oliver30.tsp,0.5,4.5,0.5,100,429.9066764649939
oliver30.tsp,0.5,4.5,0.5,100,426.19716651526664
oliver30.tsp,0.5,4.5,0.5,100,425.8201405890762
oliver30.tsp,0.5,4.5,0.5,100,423.911688328477
oliver30.tsp,0.5,4.5,0.5,100,426.60022763745354
oliver30.tsp,0.5,4.5,0.5,100,426.1971665152664
oliver30.tsp,0.5,4.5,0.5,100,425.8201405890761
oliver30.tsp,0.5,4.5,0.5,100,427.89714014496684
oliver30.tsp,0.5,4.5,0.5,100,426.54384791848247
oliver30.tsp,0.5,4.5,0.5,100,426.19716651526653
oliver30.tsp,0.5,5.0,0.5,100,426.60022763745354
oliver30.tsp,0.5,5.0,0.5,100,427.8971401449669
oliver30.tsp,0.5,5.0,0.5,100,426.6002276374535
oliver30.tsp,0.5,5.0,0.5,100,423.7405631332029
oliver30.tsp,0.5,5.0,0.5,100,423.911688328477
oliver30.tsp,0.5,5.0,0.5,100,425.8201405890763
oliver30.tsp,0.5,5.0,0.5,100,424.9002540077531
oliver30.tsp,0.5,5.0,0.5,100,425.6490153938022
oliver30.tsp,0.5,5.0,0.5,100,425.82014058907635
oliver30.tsp,0.5,5.0,0.5,100,426.37272272320837
oliver30.tsp,1.0,0.0,0.5,100,690.4783561988571
oliver30.tsp,1.0,0.0,0.5,100,722.854620949475
oliver30.tsp,1.0,0.0,0.5,100,738.9970618296956
oliver30.tsp,1.0,0.0,0.5,100,713.2046423728975
oliver30.tsp,1.0,0.0,0.5,100,731.295415837192
oliver30.tsp,1.0,0.0,0.5,100,703.0465135715416
oliver30.tsp,1.0,0.0,0.5,100,731.4610754136985
oliver30.tsp,1.0,0.0,0.5,100,734.9866340034013
oliver30.tsp,1.0,0.0,0.5,100,734.5044716861746
oliver30.tsp,1.0,0.0,0.5,100,737.1684604927702
oliver30.tsp,1.0,0.5,0.5,100,501.67450272630333
oliver30.tsp,1.0,0.5,0.5,100,456.08467151444665
oliver30.tsp,1.0,0.5,0.5,100,478.4911097226217
oliver30.tsp,1.0,0.5,0.5,100,494.6510470067291
oliver30.tsp,1.0,0.5,0.5,100,533.8881957926257
oliver30.tsp,1.0,0.5,0.5,100,506.22451894490416
oliver30.tsp,1.0,0.5,0.5,100,502.4721853461881
oliver30.tsp,1.0,0.5,0.5,100,490.5251288437099
oliver30.tsp,1.0,0.5,0.5,100,520.695530026248
oliver30.tsp,1.0,0.5,0.5,100,481.02550752772936
oliver30.tsp,1.0,1.0,0.5,100,439.73207480196123
oliver30.tsp,1.0,1.0,0.5,100,452.1236237522477
oliver30.tsp,1.0,1.0,0.5,100,440.9363019143219
oliver30.tsp,1.0,1.0,0.5,100,427.4326753192454
oliver30.tsp,1.0,1.0,0.5,100,454.14856360772916
oliver30.tsp,1.0,1.0,0.5,100,444.82456328964713
oliver30.tsp,1.0,1.0,0.5,100,440.40708912959076
oliver30.tsp,1.0,1.0,0.5,100,439.9119073847328
oliver30.tsp,1.0,1.0,0.5,100,452.65739639242076
oliver30.tsp,1.0,1.0,0.5,100,446.5122110795365
oliver30.tsp,1.0,1.5,0.5,100,428.6352908464926
oliver30.tsp,1.0,1.5,0.5,100,428.4641656512185
oliver30.tsp,1.0,1.5,0.5,100,441.4743419362045
oliver30.tsp,1.0,1.5,0.5,100,440.16271155216964
oliver30.tsp,1.0,1.5,0.5,100,437.1146927669834
oliver30.tsp,1.0,1.5,0.5,100,425.2667063882798
oliver30.tsp,1.0,1.5,0.5,100,429.99030890629535
oliver30.tsp,1.0,1.5,0.5,100,426.82147893616667
oliver30.tsp,1.0,1.5,0.5,100,425.10442722142426
oliver30.tsp,1.0,1.5,0.5,100,424.12016695937587
oliver30.tsp,1.0,2.0,0.5,100,430.37261791181766
oliver30.tsp,1.0,2.0,0.5,100,423.9490417641017
oliver30.tsp,1.0,2.0,0.5,100,429.380298012607
oliver30.tsp,1.0,2.0,0.5,100,429.7466033319839
oliver30.tsp,1.0,2.0,0.5,100,423.7405631332029
oliver30.tsp,1.0,2.0,0.5,100,424.69177537685425
oliver30.tsp,1.0,2.0,0.5,100,425.649015393802
oliver30.tsp,1.0,2.0,0.5,100,424.69177537685425
oliver30.tsp,1.0,2.0,0.5,100,424.9002540077531
oliver30.tsp,1.0,2.0,0.5,100,423.91168832847694
oliver30.tsp,1.0,2.5,0.5,100,423.7405631332029
oliver30.tsp,1.0,2.5,0.5,100,423.74056313320284
oliver30.tsp,1.0,2.5,0.5,100,423.74056313320284
oliver30.tsp,1.0,2.5,0.5,100,423.74056313320284
oliver30.tsp,1.0,2.5,0.5,100,423.91168832847694
oliver30.tsp,1.0,2.5,0.5,100,423.74056313320284
oliver30.tsp,1.0,2.5,0.5,100,424.69177537685425
oliver30.tsp,1.0,2.5,0.5,100,423.7405631332029
oliver30.tsp,1.0,2.5,0.5,100,423.74056313320284
oliver30.tsp,1.0,2.5,0.5,100,423.74056313320295
oliver30.tsp,1.0,3.0,0.5,100,423.74056313320284
oliver30.tsp,1.0,3.0,0.5,100,423.74056313320284
oliver30.tsp,1.0,3.0,0.5,100,424.46427046260914
oliver30.tsp,1.0,3.0,0.5,100,423.74056313320284
oliver30.tsp,1.0,3.0,0.5,100,423.74056313320284
oliver30.tsp,1.0,3.0,0.5,100,423.7405631332029
oliver30.tsp,1.0,3.0,0.5,100,423.74056313320284
oliver30.tsp,1.0,3.0,0.5,100,423.74056313320284
oliver30.tsp,1.0,3.0,0.5,100,423.74056313320284
oliver30.tsp,1.0,3.0,0.5,100,424.69177537685425
oliver30.tsp,1.0,3.5,0.5,100,423.74056313320284
oliver30.tsp,1.0,3.5,0.5,100,423.74056313320284
oliver30.tsp,1.0,3.5,0.5,100,423.74056313320284
oliver30.tsp,1.0,3.5,0.5,100,423.74056313320284
oliver30.tsp,1.0,3.5,0.5,100,423.74056313320284
oliver30.tsp,1.0,3.5,0.5,100,423.74056313320284
oliver30.tsp,1.0,3.5,0.5,100,423.74056313320284
oliver30.tsp,1.0,3.5,0.5,100,423.74056313320284
oliver30.tsp,1.0,3.5,0.5,100,423.74056313320284
oliver30.tsp,1.0,3.5,0.5,100,423.74056313320284
oliver30.tsp,1.0,4.0,0.5,100,423.74056313320284
oliver30.tsp,1.0,4.0,0.5,100,423.911688328477
oliver30.tsp,1.0,4.0,0.5,100,423.74056313320284
oliver30.tsp,1.0,4.0,0.5,100,423.74056313320284
oliver30.tsp,1.0,4.0,0.5,100,424.69177537685425
oliver30.tsp,1.0,4.0,0.5,100,423.74056313320284
oliver30.tsp,1.0,4.0,0.5,100,423.74056313320284
oliver30.tsp,1.0,4.0,0.5,100,423.74056313320284
oliver30.tsp,1.0,4.0,0.5,100,423.74056313320284
oliver30.tsp,1.0,4.0,0.5,100,423.91168832847694
oliver30.tsp,1.0,4.5,0.5,100,423.74056313320284
oliver30.tsp,1.0,4.5,0.5,100,423.74056313320284
oliver30.tsp,1.0,4.5,0.5,100,423.74056313320284
oliver30.tsp,1.0,4.5,0.5,100,423.7405631332029
oliver30.tsp,1.0,4.5,0.5,100,423.74056313320284
oliver30.tsp,1.0,4.5,0.5,100,423.74056313320284
oliver30.tsp,1.0,4.5,0.5,100,423.74056313320284
oliver30.tsp,1.0,4.5,0.5,100,423.74056313320284
oliver30.tsp,1.0,4.5,0.5,100,423.74056313320284
oliver30.tsp,1.0,4.5,0.5,100,423.74056313320284
oliver30.tsp,1.0,5.0,0.5,100,423.74056313320284
oliver30.tsp,1.0,5.0,0.5,100,423.911688328477
oliver30.tsp,1.0,5.0,0.5,100,423.74056313320284
oliver30.tsp,1.0,5.0,0.5,100,423.91168832847694
oliver30.tsp,1.0,5.0,0.5,100,423.74056313320284
oliver30.tsp,1.0,5.0,0.5,100,423.74056313320284
oliver30.tsp,1.0,5.0,0.5,100,423.74056313320284
oliver30.tsp,1.0,5.0,0.5,100,423.74056313320284
oliver30.tsp,1.0,5.0,0.5,100,423.74056313320284
oliver30.tsp,1.0,5.0,0.5,100,423.74056313320284
oliver30.tsp,1.5,0.0,0.5,100,546.4299990713673
oliver30.tsp,1.5,0.0,0.5,100,520.1054627288863
oliver30.tsp,1.5,0.0,0.5,100,493.3571053913769
oliver30.tsp,1.5,0.0,0.5,100,541.2234240262735
oliver30.tsp,1.5,0.0,0.5,100,440.8045404762325
oliver30.tsp,1.5,0.0,0.5,100,469.72620916792107
oliver30.tsp,1.5,0.0,0.5,100,521.4922139431983
oliver30.tsp,1.5,0.0,0.5,100,524.6190746871641
oliver30.tsp,1.5,0.0,0.5,100,469.9956489393677
oliver30.tsp,1.5,0.0,0.5,100,469.01469515850374
oliver30.tsp,1.5,0.5,0.5,100,443.4780151078849
oliver30.tsp,1.5,0.5,0.5,100,446.40294757328104
oliver30.tsp,1.5,0.5,0.5,100,429.62385652576864
oliver30.tsp,1.5,0.5,0.5,100,436.8025325102574
oliver30.tsp,1.5,0.5,0.5,100,425.2667063882798
oliver30.tsp,1.5,0.5,0.5,100,425.7180158003309
oliver30.tsp,1.5,0.5,0.5,100,434.31190634695923
oliver30.tsp,1.5,0.5,0.5,100,430.3336919876475
oliver30.tsp,1.5,0.5,0.5,100,429.9903089062953
oliver30.tsp,1.5,0.5,0.5,100,430.23313968744753
oliver30.tsp,1.5,1.0,0.5,100,423.7405631332029
oliver30.tsp,1.5,1.0,0.5,100,438.38205517357403
oliver30.tsp,1.5,1.0,0.5,100,425.2667063882798
oliver30.tsp,1.5,1.0,0.5,100,427.5478185731443
oliver30.tsp,1.5,1.0,0.5,100,430.19878753719416
oliver30.tsp,1.5,1.0,0.5,100,424.69177537685425
oliver30.tsp,1.5,1.0,0.5,100,424.69177537685425
oliver30.tsp,1.5,1.0,0.5,100,425.2667063882798
oliver30.tsp,1.5,1.0,0.5,100,429.380298012607
oliver30.tsp,1.5,1.0,0.5,100,424.69177537685425
oliver30.tsp,1.5,1.5,0.5,100,424.69177537685425
oliver30.tsp,1.5,1.5,0.5,100,424.69177537685425
oliver30.tsp,1.5,1.5,0.5,100,423.91168832847694
oliver30.tsp,1.5,1.5,0.5,100,425.2667063882798
oliver30.tsp,1.5,1.5,0.5,100,424.69177537685425
oliver30.tsp,1.5,1.5,0.5,100,423.74056313320284
oliver30.tsp,1.5,1.5,0.5,100,424.69177537685425
oliver30.tsp,1.5,1.5,0.5,100,424.69177537685425
oliver30.tsp,1.5,1.5,0.5,100,426.8214789361665
oliver30.tsp,1.5,1.5,0.5,100,424.69177537685425
oliver30.tsp,1.5,2.0,0.5,100,424.69177537685425
oliver30.tsp,1.5,2.0,0.5,100,428.46416565121837
oliver30.tsp,1.5,2.0,0.5,100,438.3820551735739
oliver30.tsp,1.5,2.0,0.5,100,434.4903327960042
oliver30.tsp,1.5,2.0,0.5,100,423.74056313320284
oliver30.tsp,1.5,2.0,0.5,100,424.69177537685425
oliver30.tsp,1.5,2.0,0.5,100,423.74056313320284
oliver30.tsp,1.5,2.0,0.5,100,423.74056313320284
oliver30.tsp,1.5,2.0,0.5,100,423.74056313320284
oliver30.tsp,1.5,2.0,0.5,100,423.74056313320284
oliver30.tsp,1.5,2.5,0.5,100,423.74056313320284
oliver30.tsp,1.5,2.5,0.5,100,424.69177537685425
oliver30.tsp,1.5,2.5,0.5,100,424.69177537685425
oliver30.tsp,1.5,2.5,0.5,100,423.9490417641017
oliver30.tsp,1.5,2.5,0.5,100,424.69177537685425
oliver30.tsp,1.5,2.5,0.5,100,429.4153778948698
oliver30.tsp,1.5,2.5,0.5,100,441.1031423984839
oliver30.tsp,1.5,2.5,0.5,100,423.74056313320284
oliver30.tsp,1.5,2.5,0.5,100,423.74056313320284
oliver30.tsp,1.5,2.5,0.5,100,424.69177537685425
oliver30.tsp,1.5,3.0,0.5,100,424.69177537685425
oliver30.tsp,1.5,3.0,0.5,100,423.74056313320284
oliver30.tsp,1.5,3.0,0.5,100,423.9490417641017
oliver30.tsp,1.5,3.0,0.5,100,423.74056313320284
oliver30.tsp,1.5,3.0,0.5,100,424.9002540077531
oliver30.tsp,1.5,3.0,0.5,100,424.69177537685425
oliver30.tsp,1.5,3.0,0.5,100,423.74056313320284
oliver30.tsp,1.5,3.0,0.5,100,423.7405631332029
oliver30.tsp,1.5,3.0,0.5,100,438.3820551735739
oliver30.tsp,1.5,3.0,0.5,100,424.9002540077531
oliver30.tsp,1.5,3.5,0.5,100,423.9490417641017
oliver30.tsp,1.5,3.5,0.5,100,424.69177537685425
oliver30.tsp,1.5,3.5,0.5,100,423.74056313320284
oliver30.tsp,1.5,3.5,0.5,100,423.74056313320284
oliver30.tsp,1.5,3.5,0.5,100,428.46416565121837
oliver30.tsp,1.5,3.5,0.5,100,423.74056313320284
oliver30.tsp,1.5,3.5,0.5,100,424.69177537685425
oliver30.tsp,1.5,3.5,0.5,100,424.69177537685425
oliver30.tsp,1.5,3.5,0.5,100,424.69177537685425
oliver30.tsp,1.5,3.5,0.5,100,424.69177537685425
oliver30.tsp,1.5,4.0,0.5,100,423.74056313320284
oliver30.tsp,1.5,4.0,0.5,100,424.69177537685425
oliver30.tsp,1.5,4.0,0.5,100,424.69177537685425
oliver30.tsp,1.5,4.0,0.5,100,424.69177537685425
oliver30.tsp,1.5,4.0,0.5,100,424.69177537685425
oliver30.tsp,1.5,4.0,0.5,100,423.74056313320284
oliver30.tsp,1.5,4.0,0.5,100,423.74056313320284
oliver30.tsp,1.5,4.0,0.5,100,423.74056313320284
oliver30.tsp,1.5,4.0,0.5,100,423.7405631332029
oliver30.tsp,1.5,4.0,0.5,100,423.74056313320284
oliver30.tsp,1.5,4.5,0.5,100,424.69177537685425
oliver30.tsp,1.5,4.5,0.5,100,423.74056313320284
oliver30.tsp,1.5,4.5,0.5,100,423.74056313320284
oliver30.tsp,1.5,4.5,0.5,100,423.74056313320284
oliver30.tsp,1.5,4.5,0.5,100,424.63539565788324
oliver30.tsp,1.5,4.5,0.5,100,423.74056313320284
oliver30.tsp,1.5,4.5,0.5,100,423.74056313320284
oliver30.tsp,1.5,4.5,0.5,100,423.74056313320284
oliver30.tsp,1.5,4.5,0.5,100,424.69177537685425
oliver30.tsp,1.5,4.5,0.5,100,424.69177537685425
oliver30.tsp,1.5,5.0,0.5,100,423.74056313320284
oliver30.tsp,1.5,5.0,0.5,100,424.69177537685425
oliver30.tsp,1.5,5.0,0.5,100,423.74056313320284
oliver30.tsp,1.5,5.0,0.5,100,424.69177537685425
oliver30.tsp,1.5,5.0,0.5,100,423.74056313320284
oliver30.tsp,1.5,5.0,0.5,100,423.74056313320284
oliver30.tsp,1.5,5.0,0.5,100,423.74056313320284
oliver30.tsp,1.5,5.0,0.5,100,424.69177537685425
oliver30.tsp,1.5,5.0,0.5,100,423.74056313320284
oliver30.tsp,1.5,5.0,0.5,100,423.74056313320284
oliver30.tsp,2.0,0.0,0.5,100,509.00539033536904
oliver30.tsp,2.0,0.0,0.5,100,472.16797987893443
oliver30.tsp,2.0,0.0,0.5,100,513.2621139017391
oliver30.tsp,2.0,0.0,0.5,100,524.6898056401709
oliver30.tsp,2.0,0.0,0.5,100,496.3239139899192
oliver30.tsp,2.0,0.0,0.5,100,547.727842751624
oliver30.tsp,2.0,0.0,0.5,100,501.2504098003078
oliver30.tsp,2.0,0.0,0.5,100,563.700125062275
oliver30.tsp,2.0,0.0,0.5,100,497.35328476965975
oliver30.tsp,2.0,0.0,0.5,100,456.63486185360597
oliver30.tsp,2.0,0.5,0.5,100,469.9557098385625
oliver30.tsp,2.0,0.5,0.5,100,448.7922601889718
oliver30.tsp,2.0,0.5,0.5,100,473.0867233542371
oliver30.tsp,2.0,0.5,0.5,100,428.20670283529347
oliver30.tsp,2.0,0.5,0.5,100,453.4288976288774
oliver30.tsp,2.0,0.5,0.5,100,435.41047412504423
oliver30.tsp,2.0,0.5,0.5,100,432.6004940360484
oliver30.tsp,2.0,0.5,0.5,100,434.41358254966457
oliver30.tsp,2.0,0.5,0.5,100,434.6306219633115
oliver30.tsp,2.0,0.5,0.5,100,440.3141152340928
oliver30.tsp,2.0,1.0,0.5,100,429.9903089062953
oliver30.tsp,2.0,1.0,0.5,100,434.31237916152145
oliver30.tsp,2.0,1.0,0.5,100,432.6624853192209
oliver30.tsp,2.0,1.0,0.5,100,430.19878753719416
oliver30.tsp,2.0,1.0,0.5,100,432.9000995139848
oliver30.tsp,2.0,1.0,0.5,100,441.1031423984839
oliver30.tsp,2.0,1.0,0.5,100,441.4856819422875
oliver30.tsp,2.0,1.0,0.5,100,424.69177537685425
oliver30.tsp,2.0,1.0,0.5,100,432.2482164967478
oliver30.tsp,2.0,1.0,0.5,100,439.46824697544133
oliver30.tsp,2.0,1.5,0.5,100,423.7405631332029
oliver30.tsp,2.0,1.5,0.5,100,430.37261791181754
oliver30.tsp,2.0,1.5,0.5,100,425.2667063882798
oliver30.tsp,2.0,1.5,0.5,100,443.36786834398794
oliver30.tsp,2.0,1.5,0.5,100,438.3820551735739
oliver30.tsp,2.0,1.5,0.5,100,424.9002540077531
oliver30.tsp,2.0,1.5,0.5,100,438.3820551735739
oliver30.tsp,2.0,1.5,0.5,100,428.46416565121837
oliver30.tsp,2.0,1.5,0.5,100,424.9002540077531
oliver30.tsp,2.0,1.5,0.5,100,425.649015393802
oliver30.tsp,2.0,2.0,0.5,100,429.62385652576864
oliver30.tsp,2.0,2.0,0.5,100,423.91168832847694
oliver30.tsp,2.0,2.0,0.5,100,424.63539565788324
oliver30.tsp,2.0,2.0,0.5,100,424.9002540077531
oliver30.tsp,2.0,2.0,0.5,100,423.94904176410176
oliver30.tsp,2.0,2.0,0.5,100,429.4153778948698
oliver30.tsp,2.0,2.0,0.5,100,432.3251685025593
oliver30.tsp,2.0,2.0,0.5,100,424.69177537685425
oliver30.tsp,2.0,2.0,0.5,100,425.2667063882798
oliver30.tsp,2.0,2.0,0.5,100,429.380298012607
oliver30.tsp,2.0,2.5,0.5,100,438.3820551735739
oliver30.tsp,2.0,2.5,0.5,100,423.74056313320284
oliver30.tsp,2.0,2.5,0.5,100,424.69177537685425
oliver30.tsp,2.0,2.5,0.5,100,428.4340136663357
oliver30.tsp,2.0,2.5,0.5,100,425.2667063882798
oliver30.tsp,2.0,2.5,0.5,100,423.74056313320284
oliver30.tsp,2.0,2.5,0.5,100,429.4153778948698
oliver30.tsp,2.0,2.5,0.5,100,423.74056313320284
oliver30.tsp,2.0,2.5,0.5,100,429.380298012607
oliver30.tsp,2.0,2.5,0.5,100,428.63371835794703
oliver30.tsp,2.0,3.0,0.5,100,429.4153778948698
oliver30.tsp,2.0,3.0,0.5,100,429.62385652576864
oliver30.tsp,2.0,3.0,0.5,100,423.74056313320284
oliver30.tsp,2.0,3.0,0.5,100,423.9490417641017
oliver30.tsp,2.0,3.0,0.5,100,423.74056313320284
oliver30.tsp,2.0,3.0,0.5,100,424.69177537685425
oliver30.tsp,2.0,3.0,0.5,100,423.74056313320284
oliver30.tsp,2.0,3.0,0.5,100,423.74056313320284
oliver30.tsp,2.0,3.0,0.5,100,429.380298012607
oliver30.tsp,2.0,3.0,0.5,100,424.69177537685425
oliver30.tsp,2.0,3.5,0.5,100,423.9490417641017
oliver30.tsp,2.0,3.5,0.5,100,423.9490417641017
oliver30.tsp,2.0,3.5,0.5,100,423.74056313320284
oliver30.tsp,2.0,3.5,0.5,100,423.74056313320284
oliver30.tsp,2.0,3.5,0.5,100,424.69177537685425
oliver30.tsp,2.0,3.5,0.5,100,423.74056313320284
oliver30.tsp,2.0,3.5,0.5,100,429.4153778948698
oliver30.tsp,2.0,3.5,0.5,100,424.69177537685425
oliver30.tsp,2.0,3.5,0.5,100,423.9490417641017
oliver30.tsp,2.0,3.5,0.5,100,423.74056313320284
oliver30.tsp,2.0,4.0,0.5,100,423.74056313320284
oliver30.tsp,2.0,4.0,0.5,100,424.69177537685425
oliver30.tsp,2.0,4.0,0.5,100,423.74056313320284
oliver30.tsp,2.0,4.0,0.5,100,423.74056313320284
oliver30.tsp,2.0,4.0,0.5,100,432.6004940360484
oliver30.tsp,2.0,4.0,0.5,100,423.74056313320284
oliver30.tsp,2.0,4.0,0.5,100,428.46416565121837
oliver30.tsp,2.0,4.0,0.5,100,423.9490417641017
oliver30.tsp,2.0,4.0,0.5,100,423.9490417641017
oliver30.tsp,2.0,4.0,0.5,100,424.69177537685425
oliver30.tsp,2.0,4.5,0.5,100,423.74056313320284
oliver30.tsp,2.0,4.5,0.5,100,423.9490417641017
oliver30.tsp,2.0,4.5,0.5,100,423.9490417641017
oliver30.tsp,2.0,4.5,0.5,100,423.74056313320284
oliver30.tsp,2.0,4.5,0.5,100,424.69177537685425
oliver30.tsp,2.0,4.5,0.5,100,423.74056313320284
oliver30.tsp,2.0,4.5,0.5,100,423.74056313320284
oliver30.tsp,2.0,4.5,0.5,100,423.74056313320284
oliver30.tsp,2.0,4.5,0.5,100,423.9490417641017
oliver30.tsp,2.0,4.5,0.5,100,423.74056313320284
oliver30.tsp,2.0,5.0,0.5,100,424.9002540077531
oliver30.tsp,2.0,5.0,0.5,100,428.4641656512184
oliver30.tsp,2.0,5.0,0.5,100,423.9490417641017
oliver30.tsp,2.0,5.0,0.5,100,423.74056313320284
oliver30.tsp,2.0,5.0,0.5,100,423.9490417641017
oliver30.tsp,2.0,5.0,0.5,100,425.2667063882798
oliver30.tsp,2.0,5.0,0.5,100,424.69177537685425
oliver30.tsp,2.0,5.0,0.5,100,424.9002540077531
oliver30.tsp,2.0,5.0,0.5,100,441.1031423984839
oliver30.tsp,2.0,5.0,0.5,100,424.69177537685425
oliver30.tsp,2.5,0.0,0.5,100,570.8419944181394
oliver30.tsp,2.5,0.0,0.5,100,546.815680491693
oliver30.tsp,2.5,0.0,0.5,100,547.748211636461
oliver30.tsp,2.5,0.0,0.5,100,563.1412606055429
oliver30.tsp,2.5,0.0,0.5,100,472.5921401587617
oliver30.tsp,2.5,0.0,0.5,100,543.2075620990819
oliver30.tsp,2.5,0.0,0.5,100,531.658118632666
oliver30.tsp,2.5,0.0,0.5,100,595.40438775195
oliver30.tsp,2.5,0.0,0.5,100,574.5118502857324
oliver30.tsp,2.5,0.0,0.5,100,508.1250035728234
oliver30.tsp,2.5,0.5,0.5,100,472.6178187751748
oliver30.tsp,2.5,0.5,0.5,100,452.09313152064306
oliver30.tsp,2.5,0.5,0.5,100,466.98113070423784
oliver30.tsp,2.5,0.5,0.5,100,467.06216641357844
oliver30.tsp,2.5,0.5,0.5,100,481.010181509229
oliver30.tsp,2.5,0.5,0.5,100,488.4114895571257
oliver30.tsp,2.5,0.5,0.5,100,482.4696349232251
oliver30.tsp,2.5,0.5,0.5,100,476.25625962619347
oliver30.tsp,2.5,0.5,0.5,100,484.49696008753847
oliver30.tsp,2.5,0.5,0.5,100,432.06724787748874
oliver30.tsp,2.5,1.0,0.5,100,447.8342686257204
oliver30.tsp,2.5,1.0,0.5,100,434.66016593492753
oliver30.tsp,2.5,1.0,0.5,100,453.2655157150815
oliver30.tsp,2.5,1.0,0.5,100,432.1211979549981
oliver30.tsp,2.5,1.0,0.5,100,439.9499800195387
oliver30.tsp,2.5,1.0,0.5,100,435.5965961218259
oliver30.tsp,2.5,1.0,0.5,100,442.17556221068037
oliver30.tsp,2.5,1.0,0.5,100,440.5346142357993
oliver30.tsp,2.5,1.0,0.5,100,439.716285946408
oliver30.tsp,2.5,1.0,0.5,100,425.5242230586461
oliver30.tsp,2.5,1.5,0.5,100,426.5438479184824
oliver30.tsp,2.5,1.5,0.5,100,442.89980615644566
oliver30.tsp,2.5,1.5,0.5,100,447.91178362031735
oliver30.tsp,2.5,1.5,0.5,100,446.0781633090908
oliver30.tsp,2.5,1.5,0.5,100,437.643712949178
oliver30.tsp,2.5,1.5,0.5,100,430.1987875371943
oliver30.tsp,2.5,1.5,0.5,100,431.32383015546895
oliver30.tsp,2.5,1.5,0.5,100,427.60156598454375
oliver30.tsp,2.5,1.5,0.5,100,434.8482744175945
oliver30.tsp,2.5,1.5,0.5,100,434.5621843014142
oliver30.tsp,2.5,2.0,0.5,100,440.16615938474337
oliver30.tsp,2.5,2.0,0.5,100,428.42156230709713
oliver30.tsp,2.5,2.0,0.5,100,437.1048493429984
oliver30.tsp,2.5,2.0,0.5,100,429.3589981758987
oliver30.tsp,2.5,2.0,0.5,100,436.4498772650729
oliver30.tsp,2.5,2.0,0.5,100,430.4807193624841
oliver30.tsp,2.5,2.0,0.5,100,426.3727227232083
oliver30.tsp,2.5,2.0,0.5,100,424.63539565788324
oliver30.tsp,2.5,2.0,0.5,100,443.20664242087435
oliver30.tsp,2.5,2.0,0.5,100,423.911688328477
oliver30.tsp,2.5,2.5,0.5,100,439.716285946408
oliver30.tsp,2.5,2.5,0.5,100,427.3161353478334
oliver30.tsp,2.5,2.5,0.5,100,429.4153778948698
oliver30.tsp,2.5,2.5,0.5,100,430.69781557563556
oliver30.tsp,2.5,2.5,0.5,100,424.69177537685425
oliver30.tsp,2.5,2.5,0.5,100,429.4153778948699
oliver30.tsp,2.5,2.5,0.5,100,450.63983846226796
oliver30.tsp,2.5,2.5,0.5,100,424.9002540077531
oliver30.tsp,2.5,2.5,0.5,100,425.8201405890761
oliver30.tsp,2.5,2.5,0.5,100,428.63529084649247
oliver30.tsp,2.5,3.0,0.5,100,429.380298012607
oliver30.tsp,2.5,3.0,0.5,100,442.83682871918296
oliver30.tsp,2.5,3.0,0.5,100,425.8201405890761
oliver30.tsp,2.5,3.0,0.5,100,424.69177537685425
oliver30.tsp,2.5,3.0,0.5,100,428.46416565121837
oliver30.tsp,2.5,3.0,0.5,100,429.380298012607
oliver30.tsp,2.5,3.0,0.5,100,429.6167805154458
oliver30.tsp,2.5,3.0,0.5,100,430.154424000365
oliver30.tsp,2.5,3.0,0.5,100,429.2203373027421
oliver30.tsp,2.5,3.0,0.5,100,424.69177537685425
oliver30.tsp,2.5,3.5,0.5,100,429.4153778948698
oliver30.tsp,2.5,3.5,0.5,100,424.9002540077531
oliver30.tsp,2.5,3.5,0.5,100,430.54374310709164
oliver30.tsp,2.5,3.5,0.5,100,429.4083018845469
oliver30.tsp,2.5,3.5,0.5,100,429.62385652576864
oliver30.tsp,2.5,3.5,0.5,100,424.69177537685425
oliver30.tsp,2.5,3.5,0.5,100,429.9903089062953
oliver30.tsp,2.5,3.5,0.5,100,427.87689151803283
oliver30.tsp,2.5,3.5,0.5,100,429.380298012607
oliver30.tsp,2.5,3.5,0.5,100,423.74056313320284
oliver30.tsp,2.5,4.0,0.5,100,424.69177537685425
oliver30.tsp,2.5,4.0,0.5,100,429.588776643506
oliver30.tsp,2.5,4.0,0.5,100,428.42523972704817
oliver30.tsp,2.5,4.0,0.5,100,429.1878729806246
oliver30.tsp,2.5,4.0,0.5,100,423.74056313320284
oliver30.tsp,2.5,4.0,0.5,100,429.380298012607
oliver30.tsp,2.5,4.0,0.5,100,434.4903327960042
oliver30.tsp,2.5,4.0,0.5,100,424.69177537685425
oliver30.tsp,2.5,4.0,0.5,100,423.74056313320284
oliver30.tsp,2.5,4.0,0.5,100,423.74056313320284
oliver30.tsp,2.5,4.5,0.5,100,424.9002540077531
oliver30.tsp,2.5,4.5,0.5,100,424.6353956578832
oliver30.tsp,2.5,4.5,0.5,100,425.2667063882798
oliver30.tsp,2.5,4.5,0.5,100,428.6726442821173
oliver30.tsp,2.5,4.5,0.5,100,426.6002276374536
oliver30.tsp,2.5,4.5,0.5,100,424.69177537685425
oliver30.tsp,2.5,4.5,0.5,100,428.46416565121837
oliver30.tsp,2.5,4.5,0.5,100,426.60022763745343
oliver30.tsp,2.5,4.5,0.5,100,426.60022763745343
oliver30.tsp,2.5,4.5,0.5,100,425.649015393802
oliver30.tsp,2.5,5.0,0.5,100,428.63371835794703
oliver30.tsp,2.5,5.0,0.5,100,424.672749093508
oliver30.tsp,2.5,5.0,0.5,100,424.9002540077531
oliver30.tsp,2.5,5.0,0.5,100,423.7405631332029
oliver30.tsp,2.5,5.0,0.5,100,424.69177537685425
oliver30.tsp,2.5,5.0,0.5,100,423.74056313320284
oliver30.tsp,2.5,5.0,0.5,100,423.74056313320284
oliver30.tsp,2.5,5.0,0.5,100,429.7466033319839
oliver30.tsp,2.5,5.0,0.5,100,428.6726442821173
oliver30.tsp,2.5,5.0,0.5,100,429.62385652576864
oliver30.tsp,3.0,0.0,0.5,100,629.3191097912209
oliver30.tsp,3.0,0.0,0.5,100,593.2120171604528
oliver30.tsp,3.0,0.0,0.5,100,660.5727257703218
oliver30.tsp,3.0,0.0,0.5,100,647.4043073782906
oliver30.tsp,3.0,0.0,0.5,100,574.390599234432
oliver30.tsp,3.0,0.0,0.5,100,632.8052492488478
oliver30.tsp,3.0,0.0,0.5,100,547.3976041958534
oliver30.tsp,3.0,0.0,0.5,100,633.0411636507115
oliver30.tsp,3.0,0.0,0.5,100,583.5827974469698
oliver30.tsp,3.0,0.0,0.5,100,630.5976041649884
oliver30.tsp,3.0,0.5,0.5,100,452.519093518491
oliver30.tsp,3.0,0.5,0.5,100,471.42015855655313
oliver30.tsp,3.0,0.5,0.5,100,494.83911333021643
oliver30.tsp,3.0,0.5,0.5,100,467.79780978381103
oliver30.tsp,3.0,0.5,0.5,100,486.68798976657445
oliver30.tsp,3.0,0.5,0.5,100,488.4881791070293
oliver30.tsp,3.0,0.5,0.5,100,455.60122372069173
oliver30.tsp,3.0,0.5,0.5,100,500.227166231897
oliver30.tsp,3.0,0.5,0.5,100,500.05511859963786
oliver30.tsp,3.0,0.5,0.5,100,540.9740661274062
oliver30.tsp,3.0,1.0,0.5,100,466.5040878300761
oliver30.tsp,3.0,1.0,0.5,100,460.8073555706568
oliver30.tsp,3.0,1.0,0.5,100,446.0704383994835
oliver30.tsp,3.0,1.0,0.5,100,451.27815808788625
oliver30.tsp,3.0,1.0,0.5,100,460.2978762130273
oliver30.tsp,3.0,1.0,0.5,100,454.10263453921294
oliver30.tsp,3.0,1.0,0.5,100,451.0426550087821
oliver30.tsp,3.0,1.0,0.5,100,433.629817490398
oliver30.tsp,3.0,1.0,0.5,100,444.67256008365604
oliver30.tsp,3.0,1.0,0.5,100,445.6461588795495
oliver30.tsp,3.0,1.5,0.5,100,441.9533689336759
oliver30.tsp,3.0,1.5,0.5,100,436.9047965810479
oliver30.tsp,3.0,1.5,0.5,100,444.1667004031335
oliver30.tsp,3.0,1.5,0.5,100,462.3228022153719
oliver30.tsp,3.0,1.5,0.5,100,432.6624853192209
oliver30.tsp,3.0,1.5,0.5,100,446.2131960966131
oliver30.tsp,3.0,1.5,0.5,100,433.87541400962886
oliver30.tsp,3.0,1.5,0.5,100,441.30935787689117
oliver30.tsp,3.0,1.5,0.5,100,437.5993571854041
oliver30.tsp,3.0,1.5,0.5,100,431.33516987022267
oliver30.tsp,3.0,2.0,0.5,100,441.3003285044351
oliver30.tsp,3.0,2.0,0.5,100,443.20664242087435
oliver30.tsp,3.0,2.0,0.5,100,423.91168832847694
oliver30.tsp,3.0,2.0,0.5,100,429.3589981758987
oliver30.tsp,3.0,2.0,0.5,100,453.24612229679
oliver30.tsp,3.0,2.0,0.5,100,434.84292991175363
oliver30.tsp,3.0,2.0,0.5,100,432.3129893925187
oliver30.tsp,3.0,2.0,0.5,100,430.54374310709164
oliver30.tsp,3.0,2.0,0.5,100,437.94210100589333
oliver30.tsp,3.0,2.0,0.5,100,457.7240240048435
oliver30.tsp,3.0,2.5,0.5,100,443.11422658753906
oliver30.tsp,3.0,2.5,0.5,100,439.69374778945667
oliver30.tsp,3.0,2.5,0.5,100,431.26745043649794
oliver30.tsp,3.0,2.5,0.5,100,425.8201405890761
oliver30.tsp,3.0,2.5,0.5,100,434.4903327960042
oliver30.tsp,3.0,2.5,0.5,100,438.3820551735739
oliver30.tsp,3.0,2.5,0.5,100,429.9066764649938
oliver30.tsp,3.0,2.5,0.5,100,431.26745043649794
oliver30.tsp,3.0,2.5,0.5,100,432.2687887835882
oliver30.tsp,3.0,2.5,0.5,100,431.09632524122384
oliver30.tsp,3.0,3.0,0.5,100,429.917728527258
oliver30.tsp,3.0,3.0,0.5,100,429.3963516115235
oliver30.tsp,3.0,3.0,0.5,100,423.91168832847694
oliver30.tsp,3.0,3.0,0.5,100,437.86480944537095
oliver30.tsp,3.0,3.0,0.5,100,431.32383015546895
oliver30.tsp,3.0,3.0,0.5,100,424.6917753768543
oliver30.tsp,3.0,3.0,0.5,100,432.23837307276284
oliver30.tsp,3.0,3.0,0.5,100,433.53912055235287
oliver30.tsp,3.0,3.0,0.5,100,426.60022763745343
oliver30.tsp,3.0,3.0,0.5,100,432.38917162308326
oliver30.tsp,3.0,3.5,0.5,100,426.60022763745343
oliver30.tsp,3.0,3.5,0.5,100,429.4153778948698
oliver30.tsp,3.0,3.5,0.5,100,425.8201405890761
oliver30.tsp,3.0,3.5,0.5,100,431.32383015546895
oliver30.tsp,3.0,3.5,0.5,100,427.6022254640136
oliver30.tsp,3.0,3.5,0.5,100,434.13190440256244
oliver30.tsp,3.0,3.5,0.5,100,429.4153778948698
oliver30.tsp,3.0,3.5,0.5,100,431.096325241224
oliver30.tsp,3.0,3.5,0.5,100,426.60022763745343
oliver30.tsp,3.0,3.5,0.5,100,441.13372728937264
oliver30.tsp,3.0,4.0,0.5,100,441.1031423984839
oliver30.tsp,3.0,4.0,0.5,100,426.3727227232083
oliver30.tsp,3.0,4.0,0.5,100,425.649015393802
oliver30.tsp,3.0,4.0,0.5,100,426.60022763745343
oliver30.tsp,3.0,4.0,0.5,100,425.649015393802
oliver30.tsp,3.0,4.0,0.5,100,424.6353956578832
oliver30.tsp,3.0,4.0,0.5,100,425.2667063882798
oliver30.tsp,3.0,4.0,0.5,100,425.649015393802
oliver30.tsp,3.0,4.0,0.5,100,431.2887502732062
oliver30.tsp,3.0,4.0,0.5,100,429.4153778948698
oliver30.tsp,3.0,4.5,0.5,100,424.69177537685425
oliver30.tsp,3.0,4.5,0.5,100,430.689197993383
oliver30.tsp,3.0,4.5,0.5,100,426.60022763745343
oliver30.tsp,3.0,4.5,0.5,100,438.3905378967455
oliver30.tsp,3.0,4.5,0.5,100,425.649015393802
oliver30.tsp,3.0,4.5,0.5,100,431.05739931705364
oliver30.tsp,3.0,4.5,0.5,100,424.9002540077531
oliver30.tsp,3.0,4.5,0.5,100,424.9002540077531
oliver30.tsp,3.0,4.5,0.5,100,429.785343778632
oliver30.tsp,3.0,4.5,0.5,100,433.7102457476269
oliver30.tsp,3.0,5.0,0.5,100,424.69177537685425
oliver30.tsp,3.0,5.0,0.5,100,426.3727227232083
oliver30.tsp,3.0,5.0,0.5,100,425.649015393802
oliver30.tsp,3.0,5.0,0.5,100,425.649015393802
oliver30.tsp,3.0,5.0,0.5,100,428.6726442821173
oliver30.tsp,3.0,5.0,0.5,100,430.3726179118176
oliver30.tsp,3.0,5.0,0.5,100,432.21804642780916
oliver30.tsp,3.0,5.0,0.5,100,425.649015393802
oliver30.tsp,3.0,5.0,0.5,100,426.60022763745354
oliver30.tsp,3.0,5.0,0.5,100,423.74056313320284
oliver30.tsp,3.5,0.0,0.5,100,619.3811499087562
oliver30.tsp,3.5,0.0,0.5,100,732.3557506559229
oliver30.tsp,3.5,0.0,0.5,100,621.0612630070768
oliver30.tsp,3.5,0.0,0.5,100,619.9389042976488
oliver30.tsp,3.5,0.0,0.5,100,596.9530945159223
oliver30.tsp,3.5,0.0,0.5,100,605.8667602746233
oliver30.tsp,3.5,0.0,0.5,100,711.6428657701474
oliver30.tsp,3.5,0.0,0.5,100,560.8471660244295
oliver30.tsp,3.5,0.0,0.5,100,605.3301370112126
oliver30.tsp,3.5,0.0,0.5,100,643.9430747408302
oliver30.tsp,3.5,0.5,0.5,100,477.4046904247963
oliver30.tsp,3.5,0.5,0.5,100,468.1880468610074
oliver30.tsp,3.5,0.5,0.5,100,479.2219801942174
oliver30.tsp,3.5,0.5,0.5,100,471.2860742347577
oliver30.tsp,3.5,0.5,0.5,100,480.7890316274494
oliver30.tsp,3.5,0.5,0.5,100,468.50672462801026
oliver30.tsp,3.5,0.5,0.5,100,490.9923474200113
oliver30.tsp,3.5,0.5,0.5,100,480.58833915196834
oliver30.tsp,3.5,0.5,0.5,100,488.7925822160362
oliver30.tsp,3.5,0.5,0.5,100,506.3330070593803
oliver30.tsp,3.5,1.0,0.5,100,464.9614837370728
oliver30.tsp,3.5,1.0,0.5,100,445.5159936756356
oliver30.tsp,3.5,1.0,0.5,100,461.71305060242815
oliver30.tsp,3.5,1.0,0.5,100,445.56802561944664
oliver30.tsp,3.5,1.0,0.5,100,428.7506968745088
oliver30.tsp,3.5,1.0,0.5,100,440.2576219633222
oliver30.tsp,3.5,1.0,0.5,100,430.51807279810885
oliver30.tsp,3.5,1.0,0.5,100,436.54900612554906
oliver30.tsp,3.5,1.0,0.5,100,455.98726711569145
oliver30.tsp,3.5,1.0,0.5,100,457.0235317755249
oliver30.tsp,3.5,1.5,0.5,100,443.46184277993507
oliver30.tsp,3.5,1.5,0.5,100,444.2602994903515
oliver30.tsp,3.5,1.5,0.5,100,447.4835091316475
oliver30.tsp,3.5,1.5,0.5,100,468.0719471060227
oliver30.tsp,3.5,1.5,0.5,100,451.55862813938086
oliver30.tsp,3.5,1.5,0.5,100,452.4245612462316
oliver30.tsp,3.5,1.5,0.5,100,447.542869819808
oliver30.tsp,3.5,1.5,0.5,100,442.89923991247326
oliver30.tsp,3.5,1.5,0.5,100,442.7186678503125
oliver30.tsp,3.5,1.5,0.5,100,435.57538763932916
oliver30.tsp,3.5,2.0,0.5,100,439.716285946408
oliver30.tsp,3.5,2.0,0.5,100,438.3905378967455
oliver30.tsp,3.5,2.0,0.5,100,429.785343778632
oliver30.tsp,3.5,2.0,0.5,100,433.51912776546675
oliver30.tsp,3.5,2.0,0.5,100,438.3820551735739
oliver30.tsp,3.5,2.0,0.5,100,445.0774018034594
oliver30.tsp,3.5,2.0,0.5,100,430.8461223999874
oliver30.tsp,3.5,2.0,0.5,100,441.4674906066988
oliver30.tsp,3.5,2.0,0.5,100,423.91168832847694
oliver30.tsp,3.5,2.0,0.5,100,443.20664242087435
oliver30.tsp,3.5,2.5,0.5,100,438.2542592915704
oliver30.tsp,3.5,2.5,0.5,100,438.3820551735739
oliver30.tsp,3.5,2.5,0.5,100,426.60022763745343
oliver30.tsp,3.5,2.5,0.5,100,446.67697145169143
oliver30.tsp,3.5,2.5,0.5,100,437.67544893718286
oliver30.tsp,3.5,2.5,0.5,100,446.037491980055
oliver30.tsp,3.5,2.5,0.5,100,451.4923130218509
oliver30.tsp,3.5,2.5,0.5,100,439.34211315583303
oliver30.tsp,3.5,2.5,0.5,100,433.53912055235287
oliver30.tsp,3.5,2.5,0.5,100,429.785343778632
oliver30.tsp,3.5,3.0,0.5,100,446.9906406621878
oliver30.tsp,3.5,3.0,0.5,100,430.2253704710416
oliver30.tsp,3.5,3.0,0.5,100,440.1379446013435
oliver30.tsp,3.5,3.0,0.5,100,424.1201669593758
oliver30.tsp,3.5,3.0,0.5,100,435.42141809365086
oliver30.tsp,3.5,3.0,0.5,100,444.39657809552665
oliver30.tsp,3.5,3.0,0.5,100,443.0667317674192
oliver30.tsp,3.5,3.0,0.5,100,434.64133104527355
oliver30.tsp,3.5,3.0,0.5,100,434.40540543790246
oliver30.tsp,3.5,3.0,0.5,100,431.26745043649794
oliver30.tsp,3.5,3.5,0.5,100,426.6002276374536
oliver30.tsp,3.5,3.5,0.5,100,429.4153778948698
oliver30.tsp,3.5,3.5,0.5,100,426.60022763745343
oliver30.tsp,3.5,3.5,0.5,100,430.64143585666426
oliver30.tsp,3.5,3.5,0.5,100,431.0578181528334
oliver30.tsp,3.5,3.5,0.5,100,424.6353956578832
oliver30.tsp,3.5,3.5,0.5,100,438.53480069363445
oliver30.tsp,3.5,3.5,0.5,100,438.3820551735739
oliver30.tsp,3.5,3.5,0.5,100,425.8201405890761
oliver30.tsp,3.5,3.5,0.5,100,435.20432188049966
oliver30.tsp,3.5,4.0,0.5,100,432.92011043116247
oliver30.tsp,3.5,4.0,0.5,100,429.4153778948698
oliver30.tsp,3.5,4.0,0.5,100,423.74056313320284
oliver30.tsp,3.5,4.0,0.5,100,428.63529084649247
oliver30.tsp,3.5,4.0,0.5,100,446.119110672823
oliver30.tsp,3.5,4.0,0.5,100,428.46416565121837
oliver30.tsp,3.5,4.0,0.5,100,424.9002540077531
oliver30.tsp,3.5,4.0,0.5,100,430.5437431070917
oliver30.tsp,3.5,4.0,0.5,100,423.91168832847694
oliver30.tsp,3.5,4.0,0.5,100,431.09632524122384
oliver30.tsp,3.5,4.5,0.5,100,441.1031423984839
oliver30.tsp,3.5,4.5,0.5,100,430.69781557563533
oliver30.tsp,3.5,4.5,0.5,100,437.03659191053424
oliver30.tsp,3.5,4.5,0.5,100,425.8201405890761
oliver30.tsp,3.5,4.5,0.5,100,429.4153778948698
oliver30.tsp,3.5,4.5,0.5,100,431.26745043649794
oliver30.tsp,3.5,4.5,0.5,100,424.69177537685425
oliver30.tsp,3.5,4.5,0.5,100,424.69177537685425
oliver30.tsp,3.5,4.5,0.5,100,429.785343778632
oliver30.tsp,3.5,4.5,0.5,100,432.21804642780916
oliver30.tsp,3.5,5.0,0.5,100,424.69177537685425
oliver30.tsp,3.5,5.0,0.5,100,429.380298012607
oliver30.tsp,3.5,5.0,0.5,100,436.282244929802
oliver30.tsp,3.5,5.0,0.5,100,424.1201669593758
oliver30.tsp,3.5,5.0,0.5,100,425.8201405890761
oliver30.tsp,3.5,5.0,0.5,100,435.9963491050764
oliver30.tsp,3.5,5.0,0.5,100,424.69177537685425
oliver30.tsp,3.5,5.0,0.5,100,431.32383015546895
oliver30.tsp,3.5,5.0,0.5,100,424.69177537685425
oliver30.tsp,3.5,5.0,0.5,100,431.32383015546895
oliver30.tsp,4.0,0.0,0.5,100,636.8162493350636
oliver30.tsp,4.0,0.0,0.5,100,622.35409428051
oliver30.tsp,4.0,0.0,0.5,100,602.73923257789
oliver30.tsp,4.0,0.0,0.5,100,664.1069670759094
oliver30.tsp,4.0,0.0,0.5,100,568.9644023666498
oliver30.tsp,4.0,0.0,0.5,100,656.3485787724868
oliver30.tsp,4.0,0.0,0.5,100,688.0187559012451
oliver30.tsp,4.0,0.0,0.5,100,701.7789738740905
oliver30.tsp,4.0,0.0,0.5,100,642.1454627238364
oliver30.tsp,4.0,0.0,0.5,100,639.9305761564722
oliver30.tsp,4.0,0.5,0.5,100,534.3638544083548
oliver30.tsp,4.0,0.5,0.5,100,523.4202972806169
oliver30.tsp,4.0,0.5,0.5,100,538.9873109220784
oliver30.tsp,4.0,0.5,0.5,100,523.2294967546202
oliver30.tsp,4.0,0.5,0.5,100,493.9902722234615
oliver30.tsp,4.0,0.5,0.5,100,472.680801219581
oliver30.tsp,4.0,0.5,0.5,100,436.1668496843064
oliver30.tsp,4.0,0.5,0.5,100,505.9774930834167
oliver30.tsp,4.0,0.5,0.5,100,481.78513435828086
oliver30.tsp,4.0,0.5,0.5,100,522.8555319986215
oliver30.tsp,4.0,1.0,0.5,100,459.705025339078
oliver30.tsp,4.0,1.0,0.5,100,460.8872311024654
oliver30.tsp,4.0,1.0,0.5,100,444.55457283624276
oliver30.tsp,4.0,1.0,0.5,100,436.6314073149833
oliver30.tsp,4.0,1.0,0.5,100,473.32171703075664
oliver30.tsp,4.0,1.0,0.5,100,442.5409611785865
oliver30.tsp,4.0,1.0,0.5,100,432.3331733721999
oliver30.tsp,4.0,1.0,0.5,100,484.3448752583929
oliver30.tsp,4.0,1.0,0.5,100,446.5167524207391
oliver30.tsp,4.0,1.0,0.5,100,448.09334892708097
oliver30.tsp,4.0,1.5,0.5,100,440.5645829543882
oliver30.tsp,4.0,1.5,0.5,100,446.9354160328055
oliver30.tsp,4.0,1.5,0.5,100,461.56862614500864
oliver30.tsp,4.0,1.5,0.5,100,437.643712949178
oliver30.tsp,4.0,1.5,0.5,100,455.9922181039379
oliver30.tsp,4.0,1.5,0.5,100,462.57333091739
oliver30.tsp,4.0,1.5,0.5,100,448.0554298816137
oliver30.tsp,4.0,1.5,0.5,100,468.115695571252
oliver30.tsp,4.0,1.5,0.5,100,448.36304093535387
oliver30.tsp,4.0,1.5,0.5,100,449.5483267194491
oliver30.tsp,4.0,2.0,0.5,100,424.9002540077531
oliver30.tsp,4.0,2.0,0.5,100,442.34609850681375
oliver30.tsp,4.0,2.0,0.5,100,438.3820551735739
oliver30.tsp,4.0,2.0,0.5,100,454.9613330920849
oliver30.tsp,4.0,2.0,0.5,100,433.53912055235287
oliver30.tsp,4.0,2.0,0.5,100,459.2807999342331
oliver30.tsp,4.0,2.0,0.5,100,432.3251685025593
oliver30.tsp,4.0,2.0,0.5,100,462.6582558573838
oliver30.tsp,4.0,2.0,0.5,100,434.43395307703315
oliver30.tsp,4.0,2.0,0.5,100,448.8363717210681
oliver30.tsp,4.0,2.5,0.5,100,438.9450441711335
oliver30.tsp,4.0,2.5,0.5,100,433.8462765910343
oliver30.tsp,4.0,2.5,0.5,100,451.62797587904686
oliver30.tsp,4.0,2.5,0.5,100,428.63371835794715
oliver30.tsp,4.0,2.5,0.5,100,437.0259725449479
oliver30.tsp,4.0,2.5,0.5,100,452.1426954917208
oliver30.tsp,4.0,2.5,0.5,100,439.65110845752844
oliver30.tsp,4.0,2.5,0.5,100,457.1665115311777
oliver30.tsp,4.0,2.5,0.5,100,441.4743419362044
oliver30.tsp,4.0,2.5,0.5,100,432.4969531773033
oliver30.tsp,4.0,3.0,0.5,100,429.917728527258
oliver30.tsp,4.0,3.0,0.5,100,429.3589981758987
oliver30.tsp,4.0,3.0,0.5,100,439.98061752129456
oliver30.tsp,4.0,3.0,0.5,100,439.69374778945667
oliver30.tsp,4.0,3.0,0.5,100,432.8950643473829
oliver30.tsp,4.0,3.0,0.5,100,433.75255811295443
oliver30.tsp,4.0,3.0,0.5,100,440.9443680548576
oliver30.tsp,4.0,3.0,0.5,100,433.69025296074085
oliver30.tsp,4.0,3.0,0.5,100,437.9822185595023
oliver30.tsp,4.0,3.0,0.5,100,426.5438479184824
oliver30.tsp,4.0,3.5,0.5,100,436.01235279122176
oliver30.tsp,4.0,3.5,0.5,100,443.20664242087435
oliver30.tsp,4.0,3.5,0.5,100,430.54374310709164
oliver30.tsp,4.0,3.5,0.5,100,427.30629192384845
oliver30.tsp,4.0,3.5,0.5,100,435.829901038852
oliver30.tsp,4.0,3.5,0.5,100,427.37629560027426
oliver30.tsp,4.0,3.5,0.5,100,425.8201405890763
oliver30.tsp,4.0,3.5,0.5,100,429.380298012607
oliver30.tsp,4.0,3.5,0.5,100,439.5521652097772
oliver30.tsp,4.0,3.5,0.5,100,432.21804642780916
oliver30.tsp,4.0,4.0,0.5,100,425.8201405890761
oliver30.tsp,4.0,4.0,0.5,100,431.31675414514604
oliver30.tsp,4.0,4.0,0.5,100,425.8201405890761
oliver30.tsp,4.0,4.0,0.5,100,448.3848291749792
oliver30.tsp,4.0,4.0,0.5,100,438.7059258889085
oliver30.tsp,4.0,4.0,0.5,100,424.69177537685425
oliver30.tsp,4.0,4.0,0.5,100,436.40783532112107
oliver30.tsp,4.0,4.0,0.5,100,443.4972478406488
oliver30.tsp,4.0,4.0,0.5,100,430.54374310709164
oliver30.tsp,4.0,4.0,0.5,100,438.3820551735739
oliver30.tsp,4.0,4.5,0.5,100,426.60022763745343
oliver30.tsp,4.0,4.5,0.5,100,429.785343778632
oliver30.tsp,4.0,4.5,0.5,100,440.2989901573447
oliver30.tsp,4.0,4.5,0.5,100,430.3726179118176
oliver30.tsp,4.0,4.5,0.5,100,436.4867595612651
oliver30.tsp,4.0,4.5,0.5,100,431.26745043649794
oliver30.tsp,4.0,4.5,0.5,100,429.917728527258
oliver30.tsp,4.0,4.5,0.5,100,424.69177537685425
oliver30.tsp,4.0,4.5,0.5,100,426.5438479184824
oliver30.tsp,4.0,4.5,0.5,100,441.5000251919799
oliver30.tsp,4.0,5.0,0.5,100,427.60156598454375
oliver30.tsp,4.0,5.0,0.5,100,435.297040664394
oliver30.tsp,4.0,5.0,0.5,100,426.54384791848247
oliver30.tsp,4.0,5.0,0.5,100,424.6353956578832
oliver30.tsp,4.0,5.0,0.5,100,426.3727227232083
oliver30.tsp,4.0,5.0,0.5,100,426.60022763745343
oliver30.tsp,4.0,5.0,0.5,100,425.649015393802
oliver30.tsp,4.0,5.0,0.5,100,430.9490778004479
oliver30.tsp,4.0,5.0,0.5,100,438.76230560787957
oliver30.tsp,4.0,5.0,0.5,100,429.380298012607
oliver30.tsp,4.5,0.0,0.5,100,709.8137647929034
oliver30.tsp,4.5,0.0,0.5,100,654.2484807626889
oliver30.tsp,4.5,0.0,0.5,100,735.7940725309737
oliver30.tsp,4.5,0.0,0.5,100,611.4780632384354
oliver30.tsp,4.5,0.0,0.5,100,627.9052334588048
oliver30.tsp,4.5,0.0,0.5,100,655.4812445031325
oliver30.tsp,4.5,0.0,0.5,100,696.8924722581221
oliver30.tsp,4.5,0.0,0.5,100,649.9341719044268
oliver30.tsp,4.5,0.0,0.5,100,564.8535076383558
oliver30.tsp,4.5,0.0,0.5,100,666.1637565843087
oliver30.tsp,4.5,0.5,0.5,100,546.439364596392
oliver30.tsp,4.5,0.5,0.5,100,467.2989021399111
oliver30.tsp,4.5,0.5,0.5,100,478.85641284471245
oliver30.tsp,4.5,0.5,0.5,100,480.57498353649885
oliver30.tsp,4.5,0.5,0.5,100,466.80454996784044
oliver30.tsp,4.5,0.5,0.5,100,531.408840257032
oliver30.tsp,4.5,0.5,0.5,100,490.0134443341278
oliver30.tsp,4.5,0.5,0.5,100,507.93061591332656
oliver30.tsp,4.5,0.5,0.5,100,497.1195869181124
oliver30.tsp,4.5,0.5,0.5,100,541.3842707711137
oliver30.tsp,4.5,1.0,0.5,100,451.1047791673416
oliver30.tsp,4.5,1.0,0.5,100,443.3678209457106
oliver30.tsp,4.5,1.0,0.5,100,439.7016959132692
oliver30.tsp,4.5,1.0,0.5,100,471.8489727368021
oliver30.tsp,4.5,1.0,0.5,100,443.93514224874934
oliver30.tsp,4.5,1.0,0.5,100,466.18311350861023
oliver30.tsp,4.5,1.0,0.5,100,446.93936574036485
oliver30.tsp,4.5,1.0,0.5,100,454.86739896717876
oliver30.tsp,4.5,1.0,0.5,100,471.3739383573129
oliver30.tsp,4.5,1.0,0.5,100,454.4172592804793
oliver30.tsp,4.5,1.5,0.5,100,453.8368771307736
oliver30.tsp,4.5,1.5,0.5,100,440.40708912959076
oliver30.tsp,4.5,1.5,0.5,100,454.69432420446935
oliver30.tsp,4.5,1.5,0.5,100,448.1185129888238
oliver30.tsp,4.5,1.5,0.5,100,432.64800786534045
oliver30.tsp,4.5,1.5,0.5,100,446.29892918350487
oliver30.tsp,4.5,1.5,0.5,100,447.33061998968174
oliver30.tsp,4.5,1.5,0.5,100,468.2280446232578
oliver30.tsp,4.5,1.5,0.5,100,433.7102457476269
oliver30.tsp,4.5,1.5,0.5,100,446.3526516310236
oliver30.tsp,4.5,2.0,0.5,100,438.7059258889085
oliver30.tsp,4.5,2.0,0.5,100,450.7356346282585
oliver30.tsp,4.5,2.0,0.5,100,452.6337049540341
oliver30.tsp,4.5,2.0,0.5,100,439.19746893240034
oliver30.tsp,4.5,2.0,0.5,100,450.7215505543063
oliver30.tsp,4.5,2.0,0.5,100,458.0518671549888
oliver30.tsp,4.5,2.0,0.5,100,451.54159974920515
oliver30.tsp,4.5,2.0,0.5,100,445.2671693224226
oliver30.tsp,4.5,2.0,0.5,100,439.178855431757
oliver30.tsp,4.5,2.0,0.5,100,431.32383015546895
oliver30.tsp,4.5,2.5,0.5,100,428.13873960564047
oliver30.tsp,4.5,2.5,0.5,100,442.85989354606147
oliver30.tsp,4.5,2.5,0.5,100,434.1039005306225
oliver30.tsp,4.5,2.5,0.5,100,431.052447591054
oliver30.tsp,4.5,2.5,0.5,100,434.5089462966476
oliver30.tsp,4.5,2.5,0.5,100,432.70543180820215
oliver30.tsp,4.5,2.5,0.5,100,441.4674906066989
oliver30.tsp,4.5,2.5,0.5,100,437.9546137102933
oliver30.tsp,4.5,2.5,0.5,100,436.3205532536731
oliver30.tsp,4.5,2.5,0.5,100,435.92058851460786
oliver30.tsp,4.5,3.0,0.5,100,429.14466391758344
oliver30.tsp,4.5,3.0,0.5,100,425.8201405890761
oliver30.tsp,4.5,3.0,0.5,100,424.6353956578832
oliver30.tsp,4.5,3.0,0.5,100,443.6497531479591
oliver30.tsp,4.5,3.0,0.5,100,426.6002276374535
oliver30.tsp,4.5,3.0,0.5,100,425.8201405890761
oliver30.tsp,4.5,3.0,0.5,100,436.5472918823428
oliver30.tsp,4.5,3.0,0.5,100,434.5089462966476
oliver30.tsp,4.5,3.0,0.5,100,425.649015393802
oliver30.tsp,4.5,3.0,0.5,100,440.3348229356287
oliver30.tsp,4.5,3.5,0.5,100,442.0798064976842
oliver30.tsp,4.5,3.5,0.5,100,441.4372561784018
oliver30.tsp,4.5,3.5,0.5,100,433.066189542657
oliver30.tsp,4.5,3.5,0.5,100,434.8285626917617
oliver30.tsp,4.5,3.5,0.5,100,449.76672384588704
oliver30.tsp,4.5,3.5,0.5,100,430.3726179118177
oliver30.tsp,4.5,3.5,0.5,100,425.6490153938022
oliver30.tsp,4.5,3.5,0.5,100,430.54374310709164
oliver30.tsp,4.5,3.5,0.5,100,433.94393982075763
oliver30.tsp,4.5,3.5,0.5,100,429.62385652576864
oliver30.tsp,4.5,4.0,0.5,100,439.64609933468324
oliver30.tsp,4.5,4.0,0.5,100,424.63539565788324
oliver30.tsp,4.5,4.0,0.5,100,428.6352908464925
oliver30.tsp,4.5,4.0,0.5,100,433.7898968720633
oliver30.tsp,4.5,4.0,0.5,100,433.6199740664131
oliver30.tsp,4.5,4.0,0.5,100,436.5767259864195
oliver30.tsp,4.5,4.0,0.5,100,440.2989901573447
oliver30.tsp,4.5,4.0,0.5,100,432.38917162308337
oliver30.tsp,4.5,4.0,0.5,100,427.87689151803283
oliver30.tsp,4.5,4.0,0.5,100,430.4807193624841
oliver30.tsp,4.5,4.5,0.5,100,426.54384791848247
oliver30.tsp,4.5,4.5,0.5,100,426.5438479184824
oliver30.tsp,4.5,4.5,0.5,100,429.380298012607
oliver30.tsp,4.5,4.5,0.5,100,423.91168832847694
oliver30.tsp,4.5,4.5,0.5,100,433.8462765910343
oliver30.tsp,4.5,4.5,0.5,100,442.3259073794621
oliver30.tsp,4.5,4.5,0.5,100,438.3820551735739
oliver30.tsp,4.5,4.5,0.5,100,431.54508145418197
oliver30.tsp,4.5,4.5,0.5,100,442.6023083491464
oliver30.tsp,4.5,4.5,0.5,100,440.4963729947853
oliver30.tsp,4.5,5.0,0.5,100,435.57538763932916
oliver30.tsp,4.5,5.0,0.5,100,426.60022763745343
oliver30.tsp,4.5,5.0,0.5,100,435.57538763932916
oliver30.tsp,4.5,5.0,0.5,100,426.60022763745343
oliver30.tsp,4.5,5.0,0.5,100,439.178855431757
oliver30.tsp,4.5,5.0,0.5,100,431.26745043649794
oliver30.tsp,4.5,5.0,0.5,100,429.380298012607
oliver30.tsp,4.5,5.0,0.5,100,435.5753876393293
oliver30.tsp,4.5,5.0,0.5,100,427.87689151803283
oliver30.tsp,4.5,5.0,0.5,100,431.32383015546895
oliver30.tsp,5.0,0.0,0.5,100,612.4164040356347
oliver30.tsp,5.0,0.0,0.5,100,626.9746815423533
oliver30.tsp,5.0,0.0,0.5,100,675.7246768979498
oliver30.tsp,5.0,0.0,0.5,100,727.061754933274
oliver30.tsp,5.0,0.0,0.5,100,618.5301351693197
oliver30.tsp,5.0,0.0,0.5,100,698.3561163188471
oliver30.tsp,5.0,0.0,0.5,100,680.1968612554382
oliver30.tsp,5.0,0.0,0.5,100,773.8305050055844
oliver30.tsp,5.0,0.0,0.5,100,692.2599490472821
oliver30.tsp,5.0,0.0,0.5,100,665.5666314159756
oliver30.tsp,5.0,0.5,0.5,100,480.69182570801223
oliver30.tsp,5.0,0.5,0.5,100,534.1237887813702
oliver30.tsp,5.0,0.5,0.5,100,490.2825250445461
oliver30.tsp,5.0,0.5,0.5,100,456.31471982714015
oliver30.tsp,5.0,0.5,0.5,100,507.69523881090555
oliver30.tsp,5.0,0.5,0.5,100,502.508872273088
oliver30.tsp,5.0,0.5,0.5,100,485.11278813254916
oliver30.tsp,5.0,0.5,0.5,100,487.7650351023271
oliver30.tsp,5.0,0.5,0.5,100,479.4234091595384
oliver30.tsp,5.0,0.5,0.5,100,483.9836541153179
oliver30.tsp,5.0,1.0,0.5,100,444.9844408363722
oliver30.tsp,5.0,1.0,0.5,100,431.50072569040805
oliver30.tsp,5.0,1.0,0.5,100,446.6198721721169
oliver30.tsp,5.0,1.0,0.5,100,470.34107389914357
oliver30.tsp,5.0,1.0,0.5,100,450.37263416463026
oliver30.tsp,5.0,1.0,0.5,100,458.6826628439232
oliver30.tsp,5.0,1.0,0.5,100,483.02332482066004
oliver30.tsp,5.0,1.0,0.5,100,468.0893255762426
oliver30.tsp,5.0,1.0,0.5,100,443.697712973252
oliver30.tsp,5.0,1.0,0.5,100,444.1954291611144
oliver30.tsp,5.0,1.5,0.5,100,438.76230560787957
oliver30.tsp,5.0,1.5,0.5,100,446.8988387472248
oliver30.tsp,5.0,1.5,0.5,100,438.4961025343057
oliver30.tsp,5.0,1.5,0.5,100,452.78914307305126
oliver30.tsp,5.0,1.5,0.5,100,443.2104825504516
oliver30.tsp,5.0,1.5,0.5,100,436.71388184905607
oliver30.tsp,5.0,1.5,0.5,100,428.34721823653916
oliver30.tsp,5.0,1.5,0.5,100,441.227553717156
oliver30.tsp,5.0,1.5,0.5,100,433.3667753062026
oliver30.tsp,5.0,1.5,0.5,100,440.31447865732054
oliver30.tsp,5.0,2.0,0.5,100,444.0529398645054
oliver30.tsp,5.0,2.0,0.5,100,457.8890205607283
oliver30.tsp,5.0,2.0,0.5,100,436.01235279122176
oliver30.tsp,5.0,2.0,0.5,100,451.7734459511281
oliver30.tsp,5.0,2.0,0.5,100,454.16320928781624
oliver30.tsp,5.0,2.0,0.5,100,438.39053789674557
oliver30.tsp,5.0,2.0,0.5,100,443.4417310653105
oliver30.tsp,5.0,2.0,0.5,100,457.16988545068364
oliver30.tsp,5.0,2.0,0.5,100,435.31524405161025
oliver30.tsp,5.0,2.0,0.5,100,445.78205203683916
oliver30.tsp,5.0,2.5,0.5,100,451.85633778158706
oliver30.tsp,5.0,2.5,0.5,100,442.0550699238218
oliver30.tsp,5.0,2.5,0.5,100,433.7898968720633
oliver30.tsp,5.0,2.5,0.5,100,434.4903327960042
oliver30.tsp,5.0,2.5,0.5,100,439.0200847548496
oliver30.tsp,5.0,2.5,0.5,100,429.35899817589876
oliver30.tsp,5.0,2.5,0.5,100,440.4260661421133
oliver30.tsp,5.0,2.5,0.5,100,443.46549279787996
oliver30.tsp,5.0,2.5,0.5,100,443.56660220725394
oliver30.tsp,5.0,2.5,0.5,100,445.0080794297653
oliver30.tsp,5.0,3.0,0.5,100,434.4903327960042
oliver30.tsp,5.0,3.0,0.5,100,433.629817490398
oliver30.tsp,5.0,3.0,0.5,100,436.01235279122176
oliver30.tsp,5.0,3.0,0.5,100,450.04710994510947
oliver30.tsp,5.0,3.0,0.5,100,441.9881904948512
oliver30.tsp,5.0,3.0,0.5,100,442.6023083491464
oliver30.tsp,5.0,3.0,0.5,100,447.0596749864736
oliver30.tsp,5.0,3.0,0.5,100,436.7927223245034
oliver30.tsp,5.0,3.0,0.5,100,424.69177537685425
oliver30.tsp,5.0,3.0,0.5,100,446.99651151449467
oliver30.tsp,5.0,3.5,0.5,100,450.7255432952303
oliver30.tsp,5.0,3.5,0.5,100,437.0796675130137
oliver30.tsp,5.0,3.5,0.5,100,443.9082407912916
oliver30.tsp,5.0,3.5,0.5,100,439.34211315583303
oliver30.tsp,5.0,3.5,0.5,100,441.95169696891094
oliver30.tsp,5.0,3.5,0.5,100,431.2230380463054
oliver30.tsp,5.0,3.5,0.5,100,430.54374310709164
oliver30.tsp,5.0,3.5,0.5,100,430.54374310709164
oliver30.tsp,5.0,3.5,0.5,100,442.7186678503125
oliver30.tsp,5.0,3.5,0.5,100,432.92011043116247
oliver30.tsp,5.0,4.0,0.5,100,425.649015393802
oliver30.tsp,5.0,4.0,0.5,100,426.5438479184824
oliver30.tsp,5.0,4.0,0.5,100,438.9756732259654
oliver30.tsp,5.0,4.0,0.5,100,434.1039005306225
oliver30.tsp,5.0,4.0,0.5,100,439.64609933468324
oliver30.tsp,5.0,4.0,0.5,100,434.5089462966476
oliver30.tsp,5.0,4.0,0.5,100,442.27114219438744
oliver30.tsp,5.0,4.0,0.5,100,440.03896948845903
oliver30.tsp,5.0,4.0,0.5,100,430.54374310709164
oliver30.tsp,5.0,4.0,0.5,100,425.8201405890761
oliver30.tsp,5.0,4.5,0.5,100,438.38205517357403
oliver30.tsp,5.0,4.5,0.5,100,429.785343778632
oliver30.tsp,5.0,4.5,0.5,100,424.69177537685425
oliver30.tsp,5.0,4.5,0.5,100,431.32383015546895
oliver30.tsp,5.0,4.5,0.5,100,429.40830188454686
oliver30.tsp,5.0,4.5,0.5,100,439.90222642035553
oliver30.tsp,5.0,4.5,0.5,100,442.3639715729357
oliver30.tsp,5.0,4.5,0.5,100,436.01235279122176
oliver30.tsp,5.0,4.5,0.5,100,432.38917162308326
oliver30.tsp,5.0,4.5,0.5,100,432.1301279104316
oliver30.tsp,5.0,5.0,0.5,100,437.9822185595023
oliver30.tsp,5.0,5.0,0.5,100,430.5437431070919
oliver30.tsp,5.0,5.0,0.5,100,429.785343778632
oliver30.tsp,5.0,5.0,0.5,100,426.60022763745343
oliver30.tsp,5.0,5.0,0.5,100,426.5438479184824
oliver30.tsp,5.0,5.0,0.5,100,429.2147441844476
oliver30.tsp,5.0,5.0,0.5,100,429.785343778632
oliver30.tsp,5.0,5.0,0.5,100,424.6353956578832
oliver30.tsp,5.0,5.0,0.5,100,443.20664242087435
oliver30.tsp,5.0,5.0,0.5,100,439.42613030495454
